Pasture,Patch,Year,NestID,Species,SpeciesNum,MeasureDate,TimeMeasured,NestlingAge_days,NestlingMass_g,Tarsus1,Tarsus2,Tarsus3,Mean Tarsus,Resid_MassVsTarsus_2014to2016,Resid_MassVsTarsus_2014to2015,AnyUnweighed,NestlingComments_D1
KLT,S,2014,KLT DICK 15 14,DICK,DICK1,6/22/2014,14,6,13,,,,17.71,0.721244391,0.646181532,N,
KLT,S,2014,KLT DICK 15 14,DICK,DICK2,6/22/2014,14,6,16.1,,,,19.54,1.813768285,1.717447719,N,Appeared to be contemplating jumping out
KLT,S,2014,KLT DICK 64 14,DICK,DICK1,7/28/2014,11.15,5,13,,,,17.99,0.414089577,0.335774173,N,
KLT,S,2014,KLT DICK 16 14,DICK,DICK1,6/29/2014,13.55,6,10,,,,18.19,-2.805306719,-2.88594537,N,
KLT,S,2014,KLT DICK 36 14,DICK,DICK1,7/5/2014,17.5,5,11.8,,,,17.8,-0.577483942,-0.653592262,N,
KLT,S,2014,KLT DICK 27 14,DICK,DICK1,6/23/2014,12.72,6,11.3,,,,16.62,0.216954203,0.154553039,N,
KLT,S,2014,KLT DICK 27 14,DICK,DICK2,6/23/2014,12.72,6,15.6,,,,19.69,1.149221063,1.051158062,N,
KLT,S,2014,KLT DICK 27 14,DICK,DICK3,6/23/2014,12.72,6,15.8,,,,20.61,0.339998102,0.231248167,N,
KLT,S,2014,KLT DICK 27 14,DICK,DICK4,6/23/2014,12.72,6,16.9,,,,20.08,2.021398286,1.918804954,N,
KLT,S,2014,KLT DICK 27 14,DICK,DICK5,6/23/2014,12.72,6,17.8,,,,20.18,2.811700138,2.707945183,N,
KLT,E,2014,KLT DICK 37 14,DICK,DICK1,6/23/2014,13.7,6,13.5,,,,18.93,-0.117073013,-0.206307677,N,
KLT,E,2014,KLT DICK 18 14,DICK,DICK1,6/24/2014,16.9,6,13.4,,,,17.33,1.538097353,1.467448663,N,
KLT,E,2014,KLT DICK 18 14,DICK,DICK2,6/24/2014,16.9,6,14.4,,,,18.71,1.024262912,0.93758382,N,
KLT,E,2014,KLT DICK 19 14,DICK,DICK1,6/24/2014,16.07,6,13.5,,,,17.29,1.681976612,1.611792572,N,
KLT,E,2014,KLT DICK 19 14,DICK,DICK2,6/24/2014,16.07,6,13.8,,,,19.87,-0.848235603,-0.948389526,N,
KLT,W,2014,KLT DICK 53 14,DICK,DICK1,7/10/2014,16.58,6,13.5,,,,20.06,-1.356662084,-1.459023092,N,8.7 (dwt)
KLT,W,2014,KLT DICK 53 14,DICK,DICK2,7/10/2014,16.58,6,15.7,,,,21.05,-0.242673749,-0.356534827,N,10.1 (dwt)
KLT,W,2014,KLT DICK 49 14,DICK,DICK1,7/11/2014,17.92,5,8.5,,,,15.34,-1.178909503,-1.226441889,N,5.5 (dwt)
KLT,W,2014,KLT DICK 49 14,DICK,DICK2,7/11/2014,17.92,5,12.4,,,,15.67,2.359086609,2.307720866,N,8 (dwt)
KLT,W,2014,KLT DICK 3 14,DICK,DICK1,6/5/2014,13.25,6,15.9,,,,21.28,-0.294979489,-0.411512301,N,Squirmier than DICK 2
KLT,W,2014,KLT DICK 3 14,DICK,DICK2,6/5/2014,13.25,6,18.7,,,,22.46,1.210582366,1.080342399,N,
KLT,W,2014,KLT DICK 14 14,DICK,DICK1,6/22/2014,14.6,6,11.1,,,,16.86,-0.246321352,-0.311510412,N,
KLT,W,2014,KLT DICK 33 14,DICK,DICK1,7/2/2014,10.7,6,10.4,,,,19.4,-3.732654308,-3.827348601,N,
KLT,W,2014,KLT DICK 71 14,DICK,DICK1,8/14/2014,9.18,5,8.6,,,,13.72,0.698200493,0.669486405,N,
KLT,W,2014,KLT DICK 71 14,DICK,DICK2,8/14/2014,9.18,5,8.7,,,,14.55,-0.112294135,-0.150649697,N,
KLT,W,2014,KLT DICK 71 14,DICK,DICK3,8/14/2014,9.18,5,10.3,,,,15.73,0.19326772,0.141205003,N,
KLT,W,2014,KLT DICK 71 14,DICK,DICK4,8/14/2014,9.18,5,10.8,,,,16.06,0.331263832,0.275367758,N,
KLT,W,2014,KLT DICK 47 14,DICK,DICK1,6/29/2014,16.67,5,8.1,,,,15.71,-1.984792651,-2.036623043,N,
KLT,W,2014,KLT DICK 47 14,DICK,DICK2,6/29/2014,16.67,6,15.6,,,,20.51,0.24969625,0.142107938,N,
KLT,W,2014,KLT DICK 47 14,DICK,DICK3,6/29/2014,16.67,6,16.1,,,,19.61,1.736979581,1.639845879,N,
KLT,W,2014,KLT DICK 7 14,DICK,,6/16/2014,11.3,6,15.5,,,,19.97,0.742066249,0.640750703,N,
KLT,W,2014,KLT DICK 7 14,DICK,,6/16/2014,11.3,7,16,,,,20.73,0.408360325,0.298216441,N,Tried to jump out of nest
KLT,W,2014,KLT DICK 7 14,DICK,,6/16/2014,11.3,7,19.1,,,,22.57,1.489914403,1.358396651,N,Struggling and agitated
KLT,W,2014,KLT DICK 24 14,DICK,,6/29/2014,14.83,5,7.8,,,,14.84,-1.330418764,-1.372143033,N,
KLT,W,2014,KLT DICK 24 14,DICK,,6/29/2014,14.83,6,15.3,,,,18.71,1.924262912,1.83758382,N,
KLT,W,2014,KLT DICK 24 14,DICK,,6/29/2014,14.83,7,16.7,,,,21.59,0.164956253,0.044822409,N,
KLT,W,2014,KLT DICK 57 14,DICK,,7/19/2014,8.92,6,13.7,,,,19.58,-0.630110975,-0.72689619,N,
KLT,S,2014,KLT DICK 52 14,DICK,,7/8/2014,15,5,7.1,,,,13.95,-1.054105248,-1.085491069,N,4.6 (dwt) -- Underdeveloped; ORIGINALLY called it day 6; changed to day 5 based on tarsus
KLT,S,2014,KLT DICK 52 14,DICK,,7/8/2014,15,6,13.5,,,,19.4,-0.632654308,-0.727348601,N,8.7 (dwt)
KLT,W,2014,KLT DICK 21 14,DICK,,6/29/2014,14.9,6,13.7,,,,16.66,2.573074944,2.51020913,N,
KLT,W,2014,KLT DICK 50 14,DICK,,7/4/2014,10.93,7,13.8,,,,21.2,-2.307220971,-2.422824484,N,
KLT,W,2014,KLT DICK 50 14,DICK,,7/4/2014,10.93,7,14.3,,,,20.47,-1.006424491,-1.113548154,N,
KLT,W,2014,KLT DICK 50 14,DICK,,7/4/2014,10.93,7,15.5,,,,20.38,0.292303842,0.186225641,N,VERY antsy
KLT,W,2014,KLT DICK 23 14,DICK,,6/25/2014,13,6,12.2,,,,17.38,0.283248279,0.212018777,N,
KLT,W,2014,KLT DICK 23 14,DICK,,6/25/2014,13,6,13.7,,,,20.11,-1.211511158,-1.314452977,N,
KLT,W,2014,KLT DICK 54 14,DICK,,7/11/2014,17.28,5,8.7,,,,13.93,0.567834382,0.536680885,N,5.6 (dwt)
KLT,W,2014,KLT DICK 54 14,DICK,,7/11/2014,17.28,5,13.2,,,,17.38,1.283248279,1.212018777,N,8.5 (dwt)
KLT,W,2014,KLT DICK 54 14,DICK,,7/11/2014,17.28,5,15.4,,,,18.17,2.616632911,2.536226585,N,9.9 (dwt)
KLT,S,2014,KLT DICK 28 14,DICK,,6/21/2014,13.35,5,11,,,,16.47,0.081501425,0.020842696,N,
KLT,S,2014,KLT DICK 5 14,DICK,,6/6/2014,13,5,10.8,,,,15.32,1.143030126,1.095730065,N,
PYN,N,2014,PYN DICK 1 14,DICK,,8/5/2014,10.5,4,7.2,,,,12.35,0.801065119,0.78826527,N,ORIGINALLY called it day 5; changed to day 4 based on tarsus
PYN,N,2014,PYN DICK 1 14,DICK,,8/5/2014,10.5,4,8,,,,13.01,0.877057343,0.85659078,N,ORIGINALLY called it day 5; changed to day 4 based on tarsus
PYN,N,2014,PYN DICK 1 14,DICK,,8/5/2014,10.5,5,8.2,,,,14.6,-0.667143209,-0.706079582,N,
PYN,N,2014,PYN DICK 1 14,DICK,,8/5/2014,10.5,5,9.4,,,,14.68,0.445098273,0.405232601,N,
RIN,E,2014,RIN DICK 1 14,DICK,,6/14/2014,10.67,6,10.3,,,,18.35,-2.680823755,-2.763321004,N,
RIN,E,2014,RIN DICK 1 14,DICK,,6/14/2014,10.67,6,13.7,,,,19.67,-0.728839308,-0.826669984,N,
RIN,E,2014,RIN DICK 1 14,DICK,,6/14/2014,10.67,6,16.6,,,,21.24,0.44889977,0.332831608,N,
RIN,E,2014,RIN DICK 2 14,DICK,,6/27/2014,13.75,6,9,,,,16.54,-1.995287278,-2.056759144,N,
RIN,E,2014,RIN DICK 2 14,DICK,,6/27/2014,13.75,7,14.1,,,,20,-0.690843196,-0.792507229,N,
RIN,E,2014,RIN DICK 2 14,DICK,,6/27/2014,13.75,6,16.1,,,,20.62,0.629028287,0.52016219,N,
RIN,E,2014,RIN DICK 2 14,DICK,,6/27/2014,13.75,7,16.8,,,,22.47,-0.700387449,-0.830743578,N,
RIN,E,2014,RIN DICK 3 14,DICK,,6/27/2014,15.07,6,17.5,,,,21.88,0.646831624,0.523329072,N,
RNR,E,2014,RNR DICK 26 14,DICK,,6/26/2014,12.75,5,14.3,,,,18.56,1.088810134,1.003873477,N,
RNR,E,2014,RNR DICK 45 14,DICK,,7/29/2014,10.5,6,11.3,,,,17.13,-0.342506351,-0.410831795,N,
RNR,E,2014,RNR DICK 45 14,DICK,,7/29/2014,10.5,6,15.1,,,,19.63,0.715039952,0.617673925,N,
RNR,C,2014,RNR DICK 41 14,DICK,,7/16/2014,15,6,13.8,,,,18.14,1.049542355,0.969484516,N,
RNR,C,2014,RNR DICK 41 14,DICK,,7/16/2014,15,6,16.5,,,,20.68,0.963209399,0.853646327,N,
RNR,C,2014,RNR DICK 41 14,DICK,,7/16/2014,15,6,17,,,,20.69,1.452239584,1.34256035,N,
RNR,E,2014,RNR DICK 1 14,DICK,,6/4/2014,12.3,6,14.3,,,,21.41,-2.037587081,-2.155630003,N,Didn't do 3 tarsus measures due to lack of time
RNR,E,2014,RNR DICK 1 14,DICK,,6/4/2014,12.3,6,15.7,,,,20.37,0.503273657,0.397311618,N,
RNR,E,2014,RNR DICK 1 14,DICK,,6/4/2014,12.3,6,17.8,,,,21.62,1.232046808,1.111564477,N,
RNR,E,2014,RNR DICK 49 14,DICK,,7/25/2014,11.21,5,9.5,,,,15.49,-0.343456725,-0.392731546,N,
RNR,E,2014,RNR DICK 49 14,DICK,,7/25/2014,11.21,5,11.4,,,,16.66,0.273074944,0.21020913,N,
RNR,E,2014,RNR DICK 49 14,DICK,,7/25/2014,11.21,5,11.9,,,,18.19,-0.905306719,-0.98594537,N,
RNR,E,2014,RNR DICK 49 14,DICK,,7/25/2014,11.21,5,13,,,,18.11,0.2824518,0.202742447,N,
RNR,E,2014,RNR DICK 12 14,DICK,,6/13/2014,16.45,6,13.8,,,,16.89,2.420769204,2.355231657,N,
RNR,E,2014,RNR DICK 12 14,DICK,,6/13/2014,16.45,6,14.5,,,,19.65,0.093100322,-0.00449803,N,
RNR,E,2014,RNR DICK 12 14,DICK,,6/13/2014,16.45,6,15.8,,,,18.76,2.369413838,2.282153934,N,
RNR,E,2014,RNR DICK 12 14,DICK,,6/13/2014,16.45,6,16.1,,,,19.53,1.824738099,1.728533696,N,
RNR,E,2014,RNR DICK 12 14,DICK,,6/13/2014,16.45,6,16.4,,,,20.01,1.59818699,1.496406794,N,
RNR,E,2014,RNR DICK 38 14,DICK,,7/16/2014,13.95,6,12.4,,,,18.22,-0.438216163,-0.519203301,N,
RNR,E,2014,RNR DICK 38 14,DICK,,7/16/2014,13.95,6,13.2,,,,19.34,-0.86683542,-0.960832739,N,
RNR,E,2014,RNR DICK 39 14,DICK,,7/16/2014,12.23,5,12.2,,,,17.46,0.195489761,0.12333096,N,
RNR,E,2014,RNR DICK 39 14,DICK,,7/16/2014,12.23,5,12.6,,,,18.41,-0.446642644,-0.529836866,N,
RNR,E,2014,RNR DICK 39 14,DICK,,7/16/2014,12.23,5,13.5,,,,19.01,-0.204831531,-0.294995494,N,
RNR,C,2014,RNR DICK 57 14,DICK,,8/21/2014,20.3,5,12.9,,,,16.66,1.773074944,1.71020913,N,
RNR,C,2014,RNR DICK 57 14,DICK,,8/21/2014,20.3,5,13.2,,,,17.54,1.107731243,1.034643143,N,
RNR,E,2014,RNR DICK 23 14,DICK,,7/5/2014,14.78,5,12.6,,,,18.22,-0.238216163,-0.319203301,N,
RNR,E,2014,RNR DICK 51 14,DICK,,7/24/2014,6,6,10.9,,,,17.21,-0.830264869,-0.899519611,N,ORIGINALLY called it day 7; changed to day 6 based on tarsus
RNR,E,2014,RNR DICK 51 14,DICK,,7/24/2014,6,7,11.9,,,,18.76,-1.530586162,-1.617846066,N,
RNR,E,2014,RNR DICK 51 14,DICK,,7/24/2014,6,7,13.5,,,,18.89,-0.073193754,-0.161963768,N,
RNR,E,2014,RNR DICK 51 14,DICK,,7/24/2014,6,7,14.3,,,,20.16,-0.666360232,-0.769882863,N,
RNR,W,2014,RNR DICK 17 14,DICK,,6/27/2014,12.17,5,9.7,,,,14.96,0.437943459,0.394825241,N,
RNR,W,2014,RNR DICK 17 14,DICK,,6/27/2014,12.17,5,11.9,,,,17.79,-0.466514127,-0.542506285,N,
RNR,W,2014,RNR DICK 17 14,DICK,,6/27/2014,12.17,5,12.1,,,,17.63,-0.09099709,-0.165130651,N,
RNR,W,2014,RNR DICK 17 14,DICK,,6/27/2014,12.17,5,12.6,,,,17.81,0.211546243,0.135321761,N,
RNR,E,2014,RNR DICK 2 14,DICK,,6/7/2014,7.17,6,12.8,,,,18.64,-0.498948384,-0.58481434,N,
RNR,E,2014,RNR DICK 2 14,DICK,,6/7/2014,7.17,6,13.8,,,,19.04,0.062259024,-0.028253425,N,
RNR,E,2014,RNR DICK 2 14,DICK,,6/7/2014,7.17,6,13.8,,,,19.8,-0.7714469,-0.870787686,N,
RNR,E,2014,RNR DICK 2 14,DICK,,6/7/2014,7.17,6,14.2,,,,19.11,0.385470321,0.294144735,N,
RNR,E,2014,RNR DICK 36 14,DICK,,7/5/2014,14,6,10.6,,,,18.48,-2.523431348,-2.607438706,N,
RNR,E,2014,RNR DICK 36 14,DICK,,7/5/2014,14,6,15.2,,,,19.36,1.111224951,1.016995307,N,Close to day 7
RNR,E,2014,RNR DICK 36 14,DICK,,7/5/2014,14,6,16.3,,,,20.74,0.69739051,0.587130464,N,Close to day 7
RNR,E,2014,RNR DICK 36 14,DICK,,7/5/2014,14,6,16.9,,,,21.2,0.792779029,0.677175516,N,Close to day 7
RNR,E,2014,RNR DICK 36 14,DICK,,7/5/2014,14,6,18.3,,,,21.15,2.247628103,2.132605402,N,Close to day 7
RNR,E,2014,RNR DICK 9 14,DICK,,6/11/2014,12.67,6,12.5,,,,17.31,0.660036983,0.589620617,N,
RNR,E,2014,RNR DICK 3 14,DICK,,6/14/2014,17.58,6,13.5,,,,17.04,1.956221982,1.888942,N,
RNR,E,2014,RNR DICK 3 14,DICK,,6/14/2014,17.58,6,17.3,,,,19.57,2.98085884,2.884189788,N,
RNR,E,2014,RNR DICK 3 14,DICK,,6/14/2014,17.58,6,18.4,,,,21.73,1.711378846,1.589618729,N,
RNR,E,2014,RNR DICK 35 14,DICK,,7/15/2014,13,6,14.3,,,,18.74,0.891353468,0.804325889,N,
RNR,E,2014,RNR DICK 35 14,DICK,,7/15/2014,13,6,14.5,,,,19.6,0.147949396,0.050931856,N,
RNR,E,2014,RNR DICK 35 14,DICK,,7/15/2014,13,6,14.7,,,,18.99,1.017108098,0.927176461,N,
RNR,E,2014,RNR DICK 31 14,DICK,,7/9/2014,10.93,6,12.1,,,,17.18,0.402644575,0.33373832,N,7.8 (dwt)
RNR,E,2014,RNR DICK 31 14,DICK,,7/9/2014,10.93,6,14.3,,,,19.41,0.156375877,0.061565421,N,9.2 (dwt)
RNR,E,2014,RNR DICK 31 14,DICK,,7/9/2014,10.93,6,14.8,,,,20.56,-0.605152824,-0.713321948,N,9.5 (dwt)
RNR,C,2014,RNR DICK 13 14,DICK,,6/22/2014,5.92,5,11,,,,17.63,-1.19099709,-1.265130651,N,
RNR,C,2014,RNR DICK 7 14,DICK,,6/20/2014,5.75,6,10.6,,,,16.26,-0.088132464,-0.146351785,N,
RNR,C,2014,RNR DICK 7 14,DICK,,6/20/2014,5.75,6,11.4,,,,18.2,-1.416276533,-1.497031347,N,
RNR,C,2014,RNR DICK 7 14,DICK,,6/20/2014,5.75,6,12.3,,,,17.86,-0.143302831,-0.220108124,N,
RNR,C,2014,RNR DICK 7 14,DICK,,6/20/2014,5.75,6,13,,,,18.4,-0.035672829,-0.118750889,N,
RNR,C,2014,RNR DICK 16 14,DICK,,6/27/2014,9.27,5,9.6,,,,16.2,-1.022313575,-1.079835922,N,
RNR,C,2014,RNR DICK 16 14,DICK,,6/27/2014,9.27,5,10.3,,,,17.34,-1.572872462,-1.643637314,N,
RNR,C,2014,RNR DICK 16 14,DICK,,6/27/2014,9.27,5,11.2,,,,17.88,-1.26524246,-1.342280079,N,
RNR,C,2014,RNR DICK 16 14,DICK,,6/27/2014,9.27,5,15.9,,,,19.3,1.87704384,1.78351117,N,
RNR,C,2014,RNR DICK 5 14,DICK,,6/14/2014,16.13,6,14.8,,,,18.69,1.446202542,1.359755774,N,
RNR,C,2014,RNR DICK 5 14,DICK,,6/14/2014,16.13,6,15.7,,,,19.45,1.512496618,1.417221513,N,
RNR,C,2014,RNR DICK 5 14,DICK,,6/14/2014,16.13,6,16.3,,,,19.13,2.463530691,2.371972781,N,
RNR,C,2014,RNR DICK 5 14,DICK,,6/14/2014,16.13,6,16.4,,,,21.08,0.424416807,0.310207242,N,
RNR,C,2014,RNR DICK 5 14,DICK,,6/14/2014,16.13,6,17.5,,,,19.71,3.027281433,2.928986108,N,
RNR,C,2014,RNR DICK 18 14,DICK,,6/27/2014,10.58,4,6.5,,,,12.52,-0.085421733,-0.100196341,N,Highly underdeveloped
RNR,C,2014,RNR DICK 18 14,DICK,,6/27/2014,10.58,5,9.2,,,,15.75,-0.92867191,-0.980966952,N,
RNR,C,2014,RNR DICK 18 14,DICK,,6/27/2014,10.58,5,11.5,,,,17.24,-0.263174314,-0.332777543,N,
RNR,C,2014,RNR DICK 18 14,DICK,,6/27/2014,10.58,5,11.8,,,,18.08,-0.884638756,-0.963999621,N,
RNR,C,2014,RNR DICK 18 14,DICK,,6/27/2014,10.58,5,12,,,,18.04,-0.640759497,-0.719655713,N,
RNR,C,2014,RNR DICK 48 14,DICK,,7/19/2014,11.2,5,9,,,,14.24,0.527770124,0.493015594,N,One chick no tarsus
RNR,C,2014,RNR DICK 48 14,DICK,,7/19/2014,11.2,5,11.5,,,,17.09,-0.098627092,-0.166487886,N,One chick no tarsus
RNR,C,2014,RNR DICK 10 14,DICK,,6/19/2014,6.17,6,11.5,,,,17.36,-0.394812091,-0.465809268,N,Nestlings look small for Day 6
RNR,C,2014,RNR DICK 10 14,DICK,,6/19/2014,6.17,6,11.9,,,,18.67,-1.431857829,-1.518072271,N,Nestlings look small for Day 6
RNR,C,2014,RNR DICK 29 14,DICK,,7/15/2014,15.07,7,13.1,,,,19.02,-0.615801346,-0.706081471,Y,One chick not weighed; feathers were highly unsheathed
STE,N,2014,STE DICK 5 14,DICK,,6/27/2014,15.7,5,11.3,,,,17.08,-0.287657277,-0.355401909,N,
STE,N,2014,STE DICK 5 14,DICK,,6/27/2014,15.7,5,12.1,,,,16.79,0.830467352,0.766091428,N,
STE,N,2014,STE DICK 5 14,DICK,,6/27/2014,15.7,5,13.8,,,,18.74,0.391353468,0.304325889,N,
STE,N,2014,STE DICK 14 14,DICK,,8/1/2014,12.52,5,8.03,,,,15.12,-1.407573578,-1.452550393,N,ORIGINALLY called it day 6; changed to day 5 based on tarsus
STE,W,2014,STE DICK 13 14,DICK,,8/5/2014,10,6,13.8,,,,18.75,0.380383653,0.293239912,N,
KLN,C,2015,KLN DICK 2 15,DICK,,8/22/2015,18.08,5,12.7,,,,16.4,1.858290129,1.798444536,N,
KLN,C,2015,KLN DICK 1 15,DICK,,8/13/2015,19.2,6,14.6,,,,18.74,1.191353468,1.104325889,N,
KLN,C,2015,KLN DICK 1 15,DICK,,8/13/2015,19.2,6,15.4,,,,18.91,1.804866616,1.715864278,N,
KLN,C,2015,KLN DICK 1 15,DICK,,8/13/2015,19.2,6,16.7,,,,20.6,1.250967917,1.142334144,N,
KLT,E,2015,KLT DICK 10 15,DICK,,7/27/2015,7.78,5,11.3,,,,18.55,-1.900220051,-1.985040546,N,
KLT,E,2015,KLT DICK 10 15,DICK,,7/27/2015,7.78,5,11.6,,,,19,-2.093861717,-2.183909517,N,
KLT,W,2015,KLT DICK 13 15,DICK,,8/11/2015,13.13,5,11.9,,,,20.06,-2.956662084,-3.059023092,N,Band numbers changed from 53 &54 to 52&53
KLT,W,2015,KLT DICK 13 15,DICK,,8/11/2015,13.13,5,12.1,,,,19.56,-2.208171345,-2.304724235,N,Band numbers changed from 53 &54 to 52&53
KLT,S,2015,KLT DICK 8 15,DICK,,7/24/2015,10.7,5,11,,,,15.48,1.16751309,1.118354431,N,
KLT,S,2015,KLT DICK 8 15,DICK,,7/24/2015,10.7,5,12.3,,,,17.23,0.547795501,0.478308434,N,
KLT,S,2015,KLT DICK 8 15,DICK,,7/24/2015,10.7,5,12.7,,,,17.65,0.48706328,0.412697395,N,
KLT,W,2015,KLT DICK 14 15,DICK,,8/10/2015,13.7,6,12.7,,,,19.67,-1.728839308,-1.826669984,N,
KLT,W,2015,KLT DICK 14 15,DICK,,8/10/2015,13.7,6,13.9,,,,18.94,0.271957172,0.182606346,N,
KLT,W,2015,KLT DICK 14 15,DICK,,8/10/2015,13.7,6,15.7,,,,20.3,0.580062361,0.474913458,N,
LTR,C,2015,LTR DICK 12 15,DICK,,7/30/2015,8,6,15,,,,18.56,1.788810134,1.703873477,N,
LTR,C,2015,LTR DICK 17 15,DICK,,8/6/2015,13.43,5,11.5,,,,18.11,-1.2175482,-1.297257553,N,
LTR,C,2015,LTR DICK 17 15,DICK,,8/6/2015,13.43,5,11.6,,,,17.24,-0.163174314,-0.232777543,N,
LTR,C,2015,LTR DICK 17 15,DICK,,8/6/2015,13.43,5,13,,,,18.6,-0.255069125,-0.340470432,N,
LTR,C,2015,LTR DICK 14 15,DICK,,7/30/2015,8.67,5,9.5,,,,15.47,-0.321517096,-0.370559592,N,day 4?
LTR,C,2015,LTR DICK 14 15,DICK,,7/30/2015,8.67,5,12.3,,,,18.14,-0.450457645,-0.530515484,N,
LTR,C,2015,LTR DICK 14 15,DICK,,7/30/2015,8.67,5,12.3,,,,18.32,-0.647914311,-0.730063072,N,
LTR,E,2015,LTR DICK 16 15,DICK,,8/6/2015,12.77,6,13.3,,,,19.51,-0.953322271,-1.04929435,N,
LTR,E,2015,LTR DICK 16 15,DICK,,8/6/2015,12.77,6,14.3,,,,19.94,-0.425024307,-0.525991366,N,
LTR,E,2015,LTR DICK 16 15,DICK,,8/6/2015,12.77,7,16.6,,,,21.32,0.361141252,0.244143791,N,day 7? Not jumpy
LTR,E,2015,LTR DICK 22 15,DICK,,8/19/2015,14.97,5,9.4,,,,16.9,-1.990200611,-2.055854321,N,day 4?
LTR,E,2015,LTR DICK 22 15,DICK,,8/19/2015,14.97,5,11,,,,18,-1.596880238,-1.675311804,N,
LTR,E,2015,LTR DICK 22 15,DICK,,8/19/2015,14.97,5,11,,,,18.5,-2.145370977,-2.22961066,N,
LTR,E,2015,LTR DICK 22 15,DICK,,8/19/2015,14.97,5,12.6,,,,17.7,0.332214206,0.25726751,N,
LTR,C,2015,LTR DICK 23 15,DICK,,8/9/2015,18.05,5,13,,,,16.76,1.763376796,1.699349359,N,Small blood sample
LTR,C,2015,LTR DICK 2 15,DICK,,7/15/2015,19.67,5,13.4,,,,18.5,0.254629023,0.17038934,N,
LTR,C,2015,LTR DICK 2 15,DICK,,7/15/2015,19.67,6,14.3,,,,20.26,-0.77605838,-0.880742634,N,
LTR,C,2015,LTR DICK 2 15,DICK,,7/15/2015,19.67,6,14.8,,,,18.79,1.336504394,1.248896003,N,
LTR,C,2015,LTR DICK 2 15,DICK,,7/15/2015,19.67,6,15.1,,,,18.59,1.85590069,1.770615546,N,
LTR,C,2015,LTR DICK 10 15,DICK,,8/2/2015,13.18,5,12.9,,,,17.84,0.478636799,0.40206383,N,
LTR,C,2015,LTR DICK 10 15,DICK,,8/2/2015,13.18,6,13.3,,,,20.21,-1.721209306,-1.825312748,N,
LTR,C,2015,LTR DICK 10 15,DICK,,8/2/2015,13.18,6,16.3,,,,19.81,1.717583285,1.618126337,N,
PYN,S,2015,PYN DICK 3 15,DICK,,8/11/2015,17.53,5,12.7,,,,17.03,1.167191797,1.100027977,N,
PYN,S,2015,PYN DICK 3 15,DICK,,8/11/2015,17.53,6,15.4,,,,18.25,2.528874393,2.447538768,N,
PYN,W,2015,PYN DICK 4 15,DICK,,8/19/2015,13.88,6,10.8,,,,17.1,-0.809596907,-0.877573863,N,Used wing rule for tarsus day 5?
PYN,W,2015,PYN DICK 4 15,DICK,,8/19/2015,13.88,6,13.1,,,,18.8,-0.374465421,-0.462189974,N,Used wing rule for tarsus day 5?
PYN,W,2015,PYN DICK 4 15,DICK,,8/19/2015,13.88,6,13.7,,,,19.6,-0.652050604,-0.749068144,N,Used wing rule for tarsus day 5?
RIE,W,2015,RIE DICK 45 15,DICK,,7/15/2015,18.25,5,10.7,,,,16.1,0.187384573,0.131023849,N,
RIE,W,2015,RIE DICK 45 15,DICK,,7/15/2015,18.25,5,12.5,,,,16.7,1.329195685,1.265865222,N,
RIE,W,2015,RIE DICK 45 15,DICK,,7/15/2015,18.25,5,13,,,,16.54,2.004712722,1.943240856,N,
RIE,W,2015,RIE DICK 34 15,DICK,,7/24/2015,8.33,5,11.2,,,,17.95,-1.342031164,-1.419881919,N,
RIE,W,2015,RIE DICK 34 15,DICK,,7/24/2015,8.33,5,11.5,,,,17.66,-0.723906535,-0.798388582,N,
RIE,W,2015,RIE DICK 6 15,DICK,,6/24/2015,13.27,5,7.3,,,,13.86,-0.755376915,-0.785717275,N,ORIGINALLY called it day 6; changed to day 5 based on tarsus
RIE,W,2015,RIE DICK 6 15,DICK,,6/24/2015,13.27,6,12.5,,,,16.72,1.307256056,1.243693268,N,
RIE,W,2015,RIE DICK 6 15,DICK,,6/24/2015,13.27,6,12.5,,,,18.58,-0.733129496,-0.818298477,N,
RIE,W,2015,RIE DICK 6 15,DICK,,6/24/2015,13.27,6,12.9,,,,17.43,0.928399205,0.856588892,N,
RIE,W,2015,RIE DICK 6 15,DICK,,6/24/2015,13.27,6,14.2,,,,17.89,1.723787725,1.646633944,N,
RIE,W,2015,RIE DICK 31 15,DICK,,7/23/2015,17.75,5,14.6,,,,18.35,1.619176245,1.536678997,N,
RIE,W,2015,RIE DICK 31 15,DICK,,7/23/2015,17.75,5,15.6,,,,19.37,1.500255136,1.40590933,N,Could be day 6?
RIE,W,2015,RIE DICK 42 15,DICK,,7/27/2015,16.45,5,13.2,,,,18.47,0.087538467,0.003647271,N,
RIE,W,2015,RIE DICK 19 15,DICK,,6/20/2015,6,5,11.9,,,,18.14,-0.850457645,-0.930515484,N,Could be day 6? - yellow beak
RIE,W,2015,RIE DICK 19 15,DICK,,6/20/2015,6,5,14.1,,,,20.85,-1.623277453,-1.734815284,N,Could be day 6?
RIE,W,2015,RIE DICK 30 15,DICK,,7/15/2015,18.75,5,10.6,,,,16.28,-0.110072094,-0.168523739,N,Could be day 6?
RIE,E,2015,RIE DICK 9 15,DICK,,6/27/2015,13,5,8.3,,,,17.08,-3.287657277,-3.355401909,N,6 little! -could be day 6 - nestlings handled on 6/27?
RIE,E,2015,RIE DICK 9 15,DICK,,6/27/2015,13,5,13.6,,,,20.3,-1.519937639,-1.625086543,N,could be day 6 - nestlings handled on 6/27?
RIE,E,2015,RIE DICK 9 15,DICK,,6/27/2015,13,5,13.8,,,,20.17,-1.177330047,-1.28096884,N,could be day 6 - nestlings handled on 6/27?
RIE,E,2015,RIE DICK 9 15,DICK,,6/27/2015,13,5,15.7,,,,20.82,0.009631992,-0.101557353,N,could be day 6 - nestlings handled on 6/27?
RIE,N,2015,RIE DICK 41 2 15,DICK,,7/9/2015,7.17,6,10.6,,,,18.62,-2.677008755,-2.762642386,N,Blood is pink…?
RIE,E,2015,RIE DICK 48 15,DICK,,7/26/2015,13.85,4,6.4,,,,12.9,-0.602274695,-0.621463471,N,looks day 3-4 (not banded)
RIE,E,2015,RIE DICK 48 15,DICK,,7/26/2015,13.85,5,7.8,,,,15.03,-1.538845245,-1.582776599,N,Looks day 4-5
RIE,W,2015,RIE DICK 21 15,DICK,,6/24/2015,15,6,14.5,,,,21.32,-1.738858748,-1.855856209,N,Pins starting to unsheath and nestlings not jumpy
RIE,W,2015,RIE DICK 21 15,DICK,,6/24/2015,15,6,14.8,,,,19.87,0.151764397,0.051610474,N,Pins starting to unsheath and nestlings not jumpy
RIE,W,2015,RIE DICK 21 15,DICK,,6/24/2015,15,6,15.4,,,,20.91,-0.389096342,-0.501331147,N,Pins starting to unsheath and nestlings not jumpy
RIE,N,2015,RIE DICK 47 15,DICK,,7/24/2015,18.28,6,12.9,,,,17.89,0.423787725,0.346633944,N,Weather fail
RIE,N,2015,RIE DICK 47 15,DICK,,7/24/2015,18.28,6,13.6,,,,19.53,-0.675261901,-0.771466304,N,Weather fail
RIE,N,2015,RIE DICK 47 15,DICK,,7/24/2015,18.28,6,14.6,,,,19.99,-0.179873381,-0.281421252,N,Weather fail
RIE,N,2015,RIE DICK 18 15,DICK,,7/4/2015,13.5,5,13.1,,,,17.69,0.843184021,0.768353487,N,
STE,S,2015,STE DICK 8 15,DICK,,7/30/2015,17.58,7,16.9,,,,21.64,0.310107179,0.189392523,N,nest OOB
RIE,,2021,RIE RWBL 9 21,RWBL,1,6/9/2021,11:10,6.5,23.25,21.88,22.62,22.06,,,,N,
RIE,,2021,RIE RWBL 9 21,RWBL,2,6/9/2021,11:10,6.5,26.44,25.92,25.76,26.24,,,,N,
RIE,,2021,RIE RWBL 9 21,RWBL,3,6/9/2021,11:10,6.5,----,-----,-----,-----,,,,Y,forced fledge
KLT,,2021,KLT RWBL 6 21,RWBL,1,6/10/2021,16:05,6,22,25.26,25.59,25.65,,,,N,chick look big but seemed to stay on nest
KLT,,2021,KLT RWBL 6 21,RWBL,2,6/10/2021,16:05,6,23.92,25.21,24.97,24.86,,,,N,chick look big but seemed to stay on nest
KLT,,2021,KLT RWBL 6 21,RWBL,3,6/10/2021,16:05,6,25.13,24.94,24.75,24.62,,,,N,chick look big but seemed to stay on nest
KLT,,2021,KLT RWBL 6 21,RWBL,4,6/10/2021,16:05,6,17.43,19.87,19.82,19.96,,,,N,
RIE,,2021,RIE RWBL 1 21,RWBL,1,6/12/2021,6:22,4.5,25.21,22.4,22.41,22.77,,,,N,
RIE,,2021,RIE RWBL 1 21,RWBL,2,6/12/2021,6:22,4.5,21.25,21.93,21.54,21.85,,,,N,
RIE,,2021,RIE RWBL 1 21,RWBL,3,6/12/2021,6:22,4.5,17.02,19.15,19.13,18.46,,,,N,
KELL,,2021,KELL RWBL 4 21,RWBL,1,6/2/2021,6:13,,29.54,26.17,25.76,25.45,,,,Y,"only one fledgling on side of nest everyone else was gone, parents defending closely"
KLT,,2021,KLT RWBL 12 21,RWBL,1,6/27/2021,13:15,7,24.3,24.74,24.99,24.8,,,,N,
KLT,,2021,KLT RWBL 12 21,RWBL,2,6/27/2021,13:15,7,27.82,23.55,23.78,23.41,,,,N,
KLT,,2021,KLT RWBL 12 21,RWBL,3,6/27/2021,13:15,7,33.43,27.61,27.63,27.41,,,,N,
KLT,,2021,KLT RWBL 12 21,RWBL,4,6/27/2021,13:15,7,25.43,25.2,25.47,25.28,,,,N,
RIE,,2021,RIE RWBL 26 21,RWBL,1,7/17/2021,12:33,6,22.6,24.95,24.48,24.54,,,,N,
RIE,,2021,RIE RWBL 26 21,RWBL,2,7/17/2021,12:33,4.5,15.08,20.39,20.17,19.87,,,,N,
RIE,,2021,RIE RWBL 26 21,RWBL,3,7/17/2021,12:33,6,26.09,25.88,24.64,25.59,,,,N,
RIE,,2021,RIE RWBL 23 21,RWBL,1,7/8/2021,6:35,4,10.17,16.45,16.34,16.3,,,,N,"tiny baby, eyes fully open"
RIE,,2021,RIE RWBL 23 21,RWBL,2,7/8/2021,6:35,6,30,25.94,25.95,25.93,,,,N,
RIE,,2021,RIE RWBL 23 21,RWBL,3,7/8/2021,6:35,6,23.55,21.9,21.78,21.96,,,,N,small for age
RIE,,2021,RIE RWBL 24 21,RWBL,1,7/3/2021,12:00,7.5,36.91,29.8,29.77,29.65,,,,N,
RIE,,2021,RIE RWBL 24 21,RWBL,2,7/3/2021,12:00,6.5,31,26.5,26.37,26.45,,,,N,
RIE,,2021,RIE RWBL 24 21,RWBL,3,7/3/2021,12:00,6.5,35.06,27.74,27.77,27.73,,,,N,
GIL,,2021,GIL RWBL 1 21,RWBL,1,7/5/2021,6:00,6.5,37.24,29.15,29.04,29.02,,,,N,
GIL,,2021,GIL RWBL 1 21,RWBL,2,7/5/2021,6:00,5.5,28.87,25.79,25.36,25.32,,,,N,
GIL,,2021,GIL RWBL 1 21,RWBL,3,7/5/2021,6:00,6.5,27.3,25.4,25.42,25.47,,,,N,
KELL,,2021,KELL RWBL 4 21,BHCO,1,7/1/2021,8:50,5,15.81,18.66,19.54,19.06,,,,N,
KELL,,2021,KELL RWBL 4 21,RWBL,1,7/1/2021,8:50,6.5,37.87,28,28.35,27.98,,,,N,
KELL,,2021,KELL RWBL 4 21,RWBL,2,7/1/2021,8:50,6.5,34.38,27.8,27.57,27.64,,,,N,
KLT,,2021,KLT RWBL 20 21,RWBL,1,7/5/2021,6:16,6,30.22,26.31,26.45,25.94,,,,N,
KLT,,2021,KLT RWBL 20 21,RWBL,2,7/5/2021,6:16,6,30.79,27.5,27.51,27.54,,,,N,
KLT,,2021,KLT RWBL 20 21,RWBL,3,7/5/2021,6:16,5,21.19,21.33,21.77,21.45,,,,N,
KLT,,2021,KLT RWBL 16 21,RWBL,1,7/5/2021,,6.5,26.34,25.04,25.13,25.35,,,,N,
KLT,,2021,KLT RWBL 16 21,RWBL,2,7/5/2021,,6.5,30.5,26.46,26.52,26.83,,,,N,
KLT,,2021,KLT RWBL 16 21,RWBL,3,7/5/2021,,6.5,25.03,26.17,25.7,25.66,,,,N,
KLT,,2021,KLT RWBL 16 21,RWBL,4,7/5/2021,,5.5,26.25,25.2,25.39,25.18,,,,N,
KLT,,2021,KLT RWBL 9 21,RWBL,1,6/27/2021,13:30,6.5,33.38,24.81,25,24.83,,,,N,HKG - pin feathers starting to open
KLT,,2021,KLT RWBL 9 21,RWBL,2,6/27/2021,13:30,6.5,20.4,18.99,18.95,18.9,,,,N,"HKG  - closed pin feathers, much smaller chick"
RIE,,2021,RIE RWBL 18 21,RWBL,1,6/17/2021,13:40,5,21.71,22.7,22.48,22.49,,,,N,
RIE,,2021,RIE RWBL 18 21,RWBL,2,6/17/2021,13:40,5,27.89,23.91,24.01,23.66,,,,N,
RIE,,2021,RIE RWBL 18 21,RWBL,3,6/17/2021,13:40,5,27.45,23.84,23.84,23.88,,,,N,
RIE,,2021,RIE RWBL 18 21,RWBL,4,6/17/2021,13:40,4,12.35,16.82,16.89,16.77,,,,N,"much smaller, day 4?"
KLT,,2021,KLT RWBL 3 21,RWBL,1,6/2/2021,11:43,6,22.64,20.02,18.91,20.22,,,,N,tarsus 4 = 18.97
KLT,,2021,KLT RWBL 3 21,RWBL,2,6/2/2021,11:43,5,17.79,17.47,17.24,16.97,,,,N,
KLT,,2021,KLT RBWL 3 21,RWBL,3,6/2/2021,11:43,5.5,19.59,19.92,20.06,19.38,,,,N,
RIE,,2021,RIE RWBL 13 21,RWBL,1,6/10/2021,17:00,6,25.71,25.62,25.64,25.67,,,,N,"they all look ok when I left them (not jumpy), female desperately mobbing even 15/20 m far from nest, male around when close to nest too"
RIE,,2021,RIE RWBL 13 21,RWBL,2,6/10/2021,17:00,6,17.52,22.57,22.17,21.93,,,,N,much smaller
RIE,,2021,RIE RWBL 13 21,RWBL,3,6/10/2021,17:00,6,25.61,25.31,25.63,25.07,,,,N,
RIE,,2021,RIE RWBL 13 21,RWBL,4,6/10/2021,17:00,6,22.1,23.96,23.26,23.36,,,,N,
RIE,,2021,RIE RWBL 14 21,RWBL,1,6/14/2021,12:50,7,38.51,29.39,29.07,29.29,,,,N,
RIE,,2021,RIE RWBL 14 21,RWBL,2,6/14/2021,12:50,5,13.51,19.99,19.93,19.23,,,,N,much smaller 
RIE,,2021,RIE RWBL 14 21,RWBL,3,6/14/2021,12:50,7,,,-,-,,,,Y,"force fledge, same age than RWBL - use RWBL 1 for something"
RIE,,2021,RIE RWBL 14 21,RWBL,4,6/14/2021,12:50,7,,,-,-,,,,Y,"still on nest but didn't measure, same age than RWBL - use RWBL 1 for something"
KLT,,2021,KLT RWBL 2 21,RWBL ,1,6/11/2021,8:10,6,24.15,21.56,21.24,21.84,,,,N,both parent alarm calling far away
KLT,,2021,KLT RWBL 2 21,RWBL ,2,6/11/2021,8:10,6,21.14,20.53,21.23,21.22,,,,N,
KLT,,2021,KLT RWBL 2 21,RWBL ,3,6/11/2021,8:10,6,15.77,19.15,19.1,19.44,,,,N,smaller
KLT ,,2021,KLT RWBL 4 21,RWBL ,1,5/29/2021,5:50,6,20.73,21.95,21.99,21.89,,,,N,
KLT ,,2021,KLT RWBL 4 21,RWBL ,2,5/29/2021,5:50,6,16.2,18.97,19.3,19.39,,,,N,
KLT ,,2021,KLT RWBL 4 21,RWBL ,3,5/29/2021,5:50,6,23.44,20.17,20.7,20.99,,,,N,
KLT ,,2021,KLT RWBL 4 21,RWBL ,4,5/29/2021,5:50,6,25.8,22.23,21.85,21.48,,,,N,
KLT ,,2021,KLT RWBL 4 21,RWBL ,5,5/29/2021,5:50,6,24.16,22.49,22.49,22.37,,,,N,
RIE,,2021,RIE RWBL 11 21,RWBL ,1,6/3/2021,11:32,4,15.5,18.18,18.8,19.04,,,,N,
RIE,,2021,RIE RWBL 11 21,RWBL ,2,6/3/2021,11:32,4,13.31,17.69,18.55,17.87,,,,N,
RIE,,2021,RIE RWBL 11 21,RWBL ,3,6/3/2021,11:32,4,20.52,20.36,19.95,20.57,,,,N,
RIE,,2021,RIE RWBL 11 21,RWBL ,4,6/3/2021,11:32,4,17.65,20.54,20.64,20.36,,,,N,there are more measurements of the same birds done by students
KELL,,2021,KELL RWBL 2 21,RWBL,1,6/12/2021,7:45,,20.62,24.15,24.39,24.11,,,,N,
KLT ,,2021,KLT RWBL7 21,RWBL,1,6/2/2021,12:11,7/8,25.25,24.99,24.34,24.83,,,,N,day 7?
KLT ,,2021,KLT RWBL7 21,RWBL,2,6/2/2021,12:11,7/8,26.4,26.18,24.45,26.18,,,,N,day 7?
KLT ,,2021,KLT RWBL7 21,RWBL,3,6/2/2021,12:11,7/8,35.26,25.42,26.47,26.43,,,,N,potential forced fledge - day 8?
KLT ,,2021,KLT RWBL 10 21,RWBL,1,6/12/2021,6:33,6/7,24.53,23.74,24.29,24.11,,,,N,day 7?
KLT ,,2021,KLT RWBL 10 21,RWBL,2,6/12/2021,6:33,6,22.11,22.63,22.24,23.25,,,,N,day 6
KLT ,,2021,KLT RWBL 10 21,RWBL,3,6/12/2021,6:33,7,23.22,24.34,23.51,23.67,,,,N,"day 7 - chicks look ??? crusty eyes, sort of wet ?"
RIE,,2021,RIE GRCA 1 21,GRCA,1,6/23/2021,12:30,5,19.63,19.86,19.47,19.39,,,,N,ESK
RIE,,2021,RIE GRCA 1 21,GRCA,2,6/23/2021,12:30,5,21.76,21.74,21.77,22.05,,,,N,JNA
RIE,,2021,RIE GRCA 1 21,GRCA,3,6/23/2021,12:30,5,25.79,24.5,24.35,24.26,,,,N,WPT - tarsus 4: 23.65
RIE ,,2021,RIE GRSP 1 21,GRSP,1,,,,22.12,21.32,21.5,21.6,,,,N,BHCO
RIE ,,2021,RIE GRSP 1 21,GRSP,2,,,,16.11,19.46,18.45,18.83,,,,N,BHCO
RIE ,,2021,RIE GRSP 1 21,GRSP,3,,,,13.58,19.63,19.73,19.84,,,,N,on bottom of nest
KLT,,2021,KLT RWBL 19 21,RWBL,1,7/12/2021,6:16,5/6,24.41,22.26,22.21,22.17,,,,N,day 6
KLT,,2021,KLT RWBL 19 21,RWBL,2,7/12/2021,6:16,5/6,19.25,18.96,18.99,18.65,,,,N,day 5
235,,2021,235 GRSP 3 21,GRSP,1,6/10/2021,15:01,6,8.4,17.98,17.41,17.85,,,,N,chicks not jumpy
235,,2021,235 GRSP 3 21,GRSP,2,6/10/2021,,6,7.51,16.59,17.01,17.28,,,,N,all ok but late in day 
235,,2021,235 GRSP 3 21,GRSP,3,6/10/2021,15:01,6,8.66,18.6,18.15,18.2,,,,N,
235,,2021,235 GRSP 3 21,GRSP,4,6/10/2021,15:01,6,9.55,18.96,18.75,18.63,,,,N,female on nest when approached
235,,2021,235 GRSP 3 21,GRSP,5,6/10/2021,15:01,6,8.47,17.68,17.68,17.4,,,,N,
235,,2021,235 GRSP 2 21,BCHO,1,6/14/2021,14:19,,20.04,22.13,21.84,22,,,,N,JEM
235,,2021,235 GRSP 2 21,BHCO,2,6/14/2021,14:19,,20.35,23.77,23.62,23.89,,,,N,JEM
235,,2021,235 GRSP 2 21,BHCO,3,6/14/2021,14:19,,14.9,21.21,21.26,20.92,,,,N,chick smaller JEM
KLT,,2021,KLT EAME 2 21,EAME,1,7/16/2021,11:53,6,41.24,27.95,27.74,27.81,,,,N,
KLT,,2021,KLT EAME 2 21,EAME,2,7/16/2021,11:53,6,38.21,25.77,25.57,25.73,,,,N,I ❤️ them!!!!
BSH,,2021,BSH FISP 1 21,FISP ,1,6/4/2021,12:50,6,9.1,16.52,16.32,16.8,,,,N,"parents chipping, parent flushed when I came for 3rd chick. FISP chick moving (active) a lot when I put it back. I left it half under BHCO (with head out) to ensure that it will not force fledge. Cowbirds less active with less feathers. Definitely not ready to flesdfe yet but pin flight feathers. Parents fed while I was writing this."
BSH,,2021,BSH FISP 1 21,BHCO,1,6/4/2021,12:50,6,16.7,19.35,9.17,19.72,,,,N,
BSH,,2021,BSH FISP 1 21,BHCO,2,6/4/2021,12:50,6,14.22,18.37,18.29,18.26,,,,N,
235,,2021,235 EAME 1 ,EAME,1,6/15/2021,1:50,6,35.87,28.86,28.77,28.42,,,,N,
RIE,,2021,RIE EAKI 1 21,EAKI,1,6/26/2021,9:00,6.5,22.26,16.11,16.35,16.24,,,,N,
RIE,,2021,RIE EAKI 1 21,EAKI,2,6/26/2021,9:00,6.5,19.44,15.05,14.79,14.71,,,,N,
RIE,,2021,RIE EAKI 1 21,EAKI,3,6/26/2021,9:00,6.5,24.91,16.91,16.73,16.83,,,,N,
235,,2021,235 DICK 10 21,BHCO,1,7/5/2021,6:08,6,23.23,22.53,22.24,22.23,,,,N,
RIE,,2021,RIE DICK 13 21,DICK,1,7/3/2021,11:45,5,12.7,17.58,17.56,12.6,,,,N,
RIE,,2021,RIE DICK 13 21,DICK,2,7/3/2021,11:45,6,14.21,20.35,20.3,20.37,,,,N,
RIE,,2021,RIE DICK 13 21,DICK,3,7/3/2021,11:45,6,15.01,21.17,21.17,21.12,,,,N,
GIL,,2021,GIL FISP 1 21,FISP ,1,7/9/2021,13:00,5.5,8.26,16.69,16.49,16.59,,,,N,
GIL,,2021,GIL FISP 1 21,BHCO,1,7/9/2021,13:00,5.5,22.7,22.22,22.01,22.71,,,,N,
GIL ,,2021,GIL DICK 2 21,DICK ,1,7/12/2021,11:25,6,17.8,21.48,21.43,21,,,,N,
GIL,,2021,GIL DICK 2 21,DICK ,2,7/12/2021,11:25,5,16.16,21.2,21.22,21.06,,,,N,
GIL,,2021,GIL DICK 2 21,DICK ,3,7/12/2021,11:25,5,14.85,18.75,18.6,18.58,,,,N,
KLT,,2021,KLT BOBO 1 21,BOBO,1,6/12/2021,12:22,6,19.6,23.38,22.89,23.67,,,,N,
KLT,,2021,KLT BOBO 1 21,BOBO,2,6/12/2021,12:22,6,19.74,23.66,23.46,23.59,,,,N,
KLT,,2021,KLT BOBO 1 21,BOBO,3,6/12/2021,12:22,6,19.73,23.46,23,23.24,,,,N,
KLT,,2021,KLT BOBO 1 21,BOBO,4,6/12/2021,12:22,6,19.2,22.28,21.94,22.28,,,,N,
235,,2021,235 COGR 1 21,COGR,1,6/15/2021,13:20,6,67.53,32.29,32.6,32.38,,,,N,
235,,2021,235 COGR 1 21,COGR,2,6/15/2021,13:20,6,60.7,29.28,29.58,29.58,,,,N,
235,,2021,235 COGR 1 21,COGR,3,6/15/2021,13:20,6,54.44,27.9,27.73,27.94,,,,N,
KELL,,2021,KELL BOBO 1 21,BOBO,1,6/8/2021,11:45,4.5,13.48,18.71,18.52,18.59,,,,N,
KELL,,2021,KELL BOBO 1 21,BOBO,2,6/8/2021,11:45,4.5,14.78,18.87,18.17,18.67,,,,N,
KELL,,2021,KELL BOBO 1 21,BOBO,3,6/8/2021,11:45,4.5,8.22,13.48,14.69,13.7,,,,N,Day 04
KELL,,2021,KELL BOBO 1 21,BOBO,4,6/8/2021,11:45,4.5,12.09,18.03,17.95,18.1,,,,N,
KELL,,2021,KELL BOBO 1 21,BOBO,5,6/8/2021,11:45,4.5,13.81,19.27,19.37,19.25,,,,N,
KELL,,2021,KELL BOBO 1 21,BOBO,6,6/8/2021,11:45,4.5,12.56,18.95,19.27,18.91,,,,N,
RIE,,2021,RIE BRTH 2 21,BRTH,1,6/30/2021,6:07,6,32.49,26.28,26.9,26.58,,,,N,HKG
RIE,,2021,RIE BRTH 2 21,BRTH,2,6/30/2021,6:07,6,35.44,27.21,27.41,27.39,,,,N,JNA
RIE,,2021,RIE BRTH 2 21,BRTH,3,6/30/2021,6:07,6,37.9,27.72,27.69,28.07,,,,N,TEC
KLT,,2021,KLT DICK 1 21,BHCO,1,6/11/2021,8:09,6,24.53,23.59,23.1,23.29,,,,N,No female around
KLT,,2021,KLT DICK 1 21,DICK,2,6/11/2021,8:09,6,13.58,20.11,20.7,20.22,,,,N,Looks much smaller
GIL,,2021,GIL DICK 4 21,DICK,1,7/9/2021,12:04,5,14.13,21.46,21.26,20.93,,,,Y,"2 day 3 (not measured, 1 day 5)"
235,,2021,235 DICK 12 21,BHCO,1,6/28/2021,12:07,5,17.02,17.02,17.11,17.23,,,,N,HKG - red face
235,,2021,235 DICK 12 21,DICK,1,6/28/2021,12:07,5,19.65,19.65,19.5,19.1,,,,N,CER
RIE ,,2021,RIE DICK 2 21,BHCO,1,6/8/2021,11:54,6,11.56,17.31,17.08,17.69,,,,N,Day 6
RIE ,,2021,RIE DICK 2 21,DICK,1,6/8/2021,11:54,6,14.53,21.2,21.42,21.16,,,,N,super fun! (Evan's comment :))
RIE ,,2021,RIE DICK 2 21,DICK,2,6/8/2021,11:54,6,15.56,21.38,21.4,21.87,,,,N,
235,,2021,235 DICK 15 21,DICK,1,7/9/2021,13:00,6,20.06,21.22,20.96,21.08,,,,N,TEC ESK MKM JJC
235,,2021,235 DICK 15 21,BHCO,1,7/9/2021,14:00,6,14.27,19.88,19.61,20.3,,,,N,TEC ESK MKM JJC
235,,2021,235 DICK 15 21,DICK,2,7/9/2021,15:00,6,20,21.14,21.35,20.81,,,,N,TEC ESK MKM JJC
235,,2021,235 DICK 15 21,BHCO,2,7/9/2021,16:00,6,14.66,21.2,22.02,21.88,,,,N,TEC ESK MKM JJC
RIE,,2021,RIE DICK 10 21,DICK,1,6/28/2021,12:44,5,14.07,19.1,19.03,18.93,,,,N,HKG
RIE,,2021,RIE DICK 10 21,BHCO,1,6/28/2021,12:44,5,13.61,17.59,17.48,17.64,,,,N,CER
RIE,,2021,RIE DICK 12 21,DICK,1,6/22/2021,12:28,4,8.64,17.59,17.01,17.09,,,,N,"day 4 (maybe 5 eyes open yesterday), we agreed that other 2 older BHCO nestlings were the ones that we lost"
235,,2021,235 DICK 19 21,DICK,1,7/18/2021,12:13,6,16.57,21.93,22.07,22.03,,,,N,
235,,2021,235 DICK 19 21,BHCO,1,7/18/2021,12:13,6,22.1,23.05,22.98,22.9,,,,N,
RIE ,,2021,RIE DICK 7 21 ,DICK,1,6/7/21,6:18,5.5,11.85,19.3,18.72,19.09,,,,N,
RIE ,,2021,RIE DICK 7 21 ,DICK,2,6/7/21,6:18,5.5,8.48,16.54,16.71,16.41,,,,N,
RIE ,,2021,RIE DICK 7 21 ,DICK,3,6/7/21,6:18,5.5,12.17,19.47,19.55,19.08,,,,N,
RIE ,,2021,RIE DICK 7 21 ,DICK,4,6/7/21,6:18,5.5,13.15,20.85,20.33,20.01,,,,N,
235,,2021,235 DICK 4 21,BHCO,1,6/26/21,10:31,6,21.77,20.02,20.1,20.3,,,,N,"HKG, day 6 - female chipping"
235,,2021,235 DICK 4 21,BHCO,2,6/26/21,10:31,6,24.21,23.18,23.44,23.51,,,,N,day 6 - female chipping
235,,2021,235 DICK 4 21,DICK,1,6/26/21,10:31,5,14.58,18.98,18.79,18.89,,,,N,much smaller day 5? - female chipping
RIN,,2021,RIN DICK 1 21,DICK,1,7/13/2021,1:24,5,10.49,17.5,17.33,17.33,,,,N,
RIN,,2021,RIN DICK 1 21,DICK,2,7/13/2021,1:24,5,10.79,17.93,17.73,17.71,,,,N,
KLT,,2021,KLT DICK 5 21,BHCO,1,7/1/21,11:17,6.5,30.48,24.19,24.75,24.94,,,,N,
KLT,,2021,KLT DICK 5 21,BHCO,2,7/1/21,11:17,6,22.09,21.27,20.76,21.17,,,,N,
KLT,,2021,KLT DICK 5 21,DICK,1,7/1/21,11:17,5,15.21,19.96,19.12,19.57,,,,N,
RIE,,2021,RIE DICK 6 21,DICK,1,6/22/21,6:15,7,17.4,21.16,21.13,21.5,,,,N,
RIE,,2021,RIE DICK 6 21,DICK,2,6/22/21,6:15,6,16.66,20.52,20.48,20.87,,,,N,
RIE,,2021,RIE DICK 6 21,DICK,3,6/22/21,6:15,6,14.99,19.72,19.81,19.87,,,,N,
RIE,,2021,RIE DICK 4 21,DICK ,1,6/9/21,11:50,6,15.29,21.24,20.7,20.97,,,,N,